generator_channel,scope_channel,frequency_hz,setting_vpp,measured_ac_vrms,measured_vpp,dc_v,measured_dbm_into_50ohm,vpp_sine_dbm,repeatability_db,acquisition
1,1,1000000.0,0.04,0.007186386405414059,0.0204,-0.001309364,-29.859488741101888,-29.827996564761648,0.002071811900275833,AVER16
1,1,1000000.0,0.126,0.022284524398729178,0.064,-0.003716388,-20.0296326491246,-19.89700043360188,0.005231672106752683,AVER16
1,1,1000000.0,0.2,0.035595070849562566,0.1008,-0.002006689,-15.961902809211235,-15.951389271089493,0.01720525643405324,AVER16
1,1,1000000.0,0.4,0.07087927499772553,0.202,-0.002759201,-9.979314710615936,-9.913572524347147,0.010822460002401613,AVER16
1,1,1000000.0,0.6,0.10497837858330532,0.3,-0.005709015,-6.567702829368427,-6.478174818886375,0.009787669853046133,NORM
1,1,1000000.0,0.8,0.14375407053767347,0.408,-0.01426086,-3.837297023149983,-3.8073966514820254,0.0011812098482497646,AVER16
1,1,1000000.0,1.265,0.22494023285123518,0.64,-0.01666889,0.05164276411510427,0.10299956639811961,0.017066956445274825,AVER16
1,1,1000000.0,2.0,0.3581866106630418,1.016,-0.01674915,4.092486906618698,4.117274245678385,0.006222740575599239,AVER16
1,1,1000000.0,3.0,0.5504690170938481,1.6,-0.02182281,7.824957555080702,8.061799739838873,0.005172147399071569,NORM
1,1,1000000.0,5.0,0.8994598464927714,2.56,-0.0329097,12.089935565171617,12.144199392957367,0.005483268520551476,AVER16
1,1,2000000.0,0.04,0.007166293133843186,0.0204,-0.001335451,-29.883808667269616,-29.827996564761648,0.0034496200619429374,AVER16
1,1,2000000.0,0.126,0.022216949035861133,0.0632,-0.004037457,-20.05601166761375,-20.00625834763192,0.011135379165157389,AVER16
1,1,2000000.0,0.2,0.03550206610248502,0.1008,-0.002337122,-15.984627477583416,-15.951389271089493,0.0015517435280045788,AVER16
1,1,2000000.0,0.4,0.07066402115196807,0.202,-0.003966553,-10.005733094822356,-9.913572524347147,0.014243840488370907,AVER16
1,1,2000000.0,0.6,0.10461389507923888,0.3,-0.0063378,-6.597912594521144,-6.478174818886375,0.0037322565067423596,NORM
1,1,2000000.0,0.8,0.14320970780500847,0.408,-0.01611371,-3.87025087062093,-3.8073966514820254,0.010672332259705986,AVER16
1,1,2000000.0,1.265,0.2240279986005044,0.64,-0.02069568,0.01634593741449864,0.10299956639811961,0.007080464360250465,AVER16
1,1,2000000.0,2.0,0.35708868063118315,1.016,-0.02258197,4.065821630485356,4.117274245678385,0.004708169239450832,AVER16
1,1,2000000.0,3.0,0.5488249803984216,1.58,-0.01964889,7.798977367839942,7.9525418258088285,0.00567264694427827,NORM
1,1,2000000.0,5.0,0.8975744514922899,2.54,-0.03879593,12.071709603735595,12.076074419119136,0.020752291546468626,AVER16
1,1,3000000.0,0.04,0.0071430234249594896,0.0204,-0.001353511,-29.91205855615994,-29.827996564761648,0.006773614705604558,AVER16
1,1,3000000.0,0.126,0.02213302246538369,0.0632,-0.004056189,-20.088885546643013,-20.00625834763192,0.0,AVER16
1,1,3000000.0,0.2,0.03540488171496897,0.1008,-0.002259534,-16.008437087757418,-15.951389271089493,0.0031386955832317653,AVER16
1,1,3000000.0,0.4,0.07041319725135903,0.2,-0.004090302,-10.036618747934698,-9.999999999999998,0.007037895456615928,AVER16
1,1,3000000.0,0.6,0.10447890552558596,0.3,-0.006327759,-6.609127753769355,-6.478174818886375,0.011430747896311821,NORM
1,1,3000000.0,0.8,0.14288507079951496,0.404,-0.01567224,-3.8899629564278184,-3.892972611067524,0.0011438475779255164,AVER16
1,1,3000000.0,1.265,0.22352716529862293,0.64,-0.02056189,-0.0030938320439096822,0.10299956639811961,0.017466222100695632,AVER16
1,1,3000000.0,2.0,0.35597443828779674,1.008,-0.02222076,4.0386762245732575,4.048610728910506,0.0035032882892442885,AVER16
1,1,3000000.0,3.0,0.5484643712298314,1.6,-0.01779266,7.793268369481464,8.061799739838873,0.012933412995153049,NORM
1,1,3000000.0,5.0,0.8939734272550051,2.54,-0.03876251,12.036792154302375,12.076074419119136,0.005135583451782111,AVER16
1,1,4000000.0,0.04,0.007128797458590053,0.0204,-0.001334782,-29.929374526674444,-29.827996564761648,0.006450214128612686,AVER16
1,1,4000000.0,0.126,0.0220899767502293,0.0624,-0.003909027,-20.105794867853113,-20.11690811963114,0.0010433455882683518,AVER16
1,1,4000000.0,0.2,0.03536516683167317,0.1,-0.002255518,-16.018185820069807,-16.02059991327962,0.0007752375034222325,AVER16
1,1,4000000.0,0.4,0.07048728471915099,0.2,-0.003608688,-10.027484419661132,-9.999999999999998,0.022441295678664375,AVER16
1,1,4000000.0,0.6,0.10446822964425685,0.3,-0.006180604,-6.610015342173179,-6.478174818886375,0.007380183920372652,NORM
1,1,4000000.0,0.8,0.14275831038181422,0.404,-0.01549164,-3.8976720590602447,-3.892972611067524,0.00872644806350431,AVER16
1,1,4000000.0,1.265,0.22274432917047834,0.632,-0.01902344,-0.03356691971563634,-0.006258347631923618,0.0,AVER16
1,1,4000000.0,2.0,0.35572297767564287,1.008,-0.02161871,4.032538337411139,4.048610728910506,0.0014541632488036527,AVER16
1,1,4000000.0,3.0,0.5476290554370208,1.58,-0.02158859,7.780029603483312,7.9525418258088285,0.007335820956276606,NORM
1,1,4000000.0,5.0,0.8910824785149227,2.54,-0.04083618,12.008658039759103,12.076074419119136,0.004758550137157869,AVER16
1,1,5000000.0,0.04,0.007118286692692631,0.0202,-0.001376254,-29.942190534243473,-29.913572524347146,0.002350398943150367,AVER16
1,1,5000000.0,0.126,0.02203633065777431,0.0632,-0.004028094,-20.126914435544908,-20.00625834763192,0.004095098944826958,AVER16
1,1,5000000.0,0.2,0.03538308440110042,0.1,-0.002334448,-16.013786275734986,-16.02059991327962,0.0038030918510436607,AVER16
1,1,5000000.0,0.4,0.0702589834254487,0.2,-0.004130432,-10.055662809136729,-9.999999999999998,0.0006724881457724763,AVER16
1,1,5000000.0,0.6,0.10409322334597503,0.3,-0.006511719,-6.641250901611726,-6.478174818886375,0.014999216847681573,NORM
1,1,5000000.0,0.8,0.14258470866866158,0.404,-0.01602677,-3.9082409912351874,-3.892972611067524,0.0022057593466739966,AVER16
1,1,5000000.0,1.265,0.2230206353892462,0.64,-0.02009363,-0.02279906750336765,0.10299956639811961,0.001399227912792577,AVER16
1,1,5000000.0,2.0,0.35544997933658334,1.008,-0.02292975,4.025869822987079,4.048610728910506,0.006242852567773127,AVER16
1,1,5000000.0,3.0,0.5454432932653952,1.58,-0.02088623,7.745292077965892,7.9525418258088285,0.012780745233470725,NORM
1,1,5000000.0,5.0,0.8927534513896661,2.52,-0.04006683,12.02493071369738,12.007410902351259,0.009391521061786534,AVER16
1,1,6000000.0,0.04,0.007038930492146091,0.0202,-0.001333444,-30.03956651007643,-29.913572524347146,0.0021904494085376314,AVER16
1,1,6000000.0,0.126,0.02181569075737459,0.0624,-0.004010699,-20.214320668375617,-20.11690811963114,0.0,AVER16
1,1,6000000.0,0.2,0.03508229130361036,0.09999999,-0.002329095,-16.087941035901164,-16.02060078186863,0.0027825905476390744,AVER16
1,1,6000000.0,0.4,0.07006955954797259,0.2,-0.002682282,-10.079112292171784,-9.999999999999998,0.0,AVER16
1,1,6000000.0,0.6,0.10307726149059195,0.3,-0.006317719,-6.726442605449718,-6.478174818886375,0.03474697637850266,NORM
1,1,6000000.0,0.8,0.1408858598940731,0.404,-0.01572574,-4.012351902697347,-3.892972611067524,0.02740616520750816,AVER16
1,1,6000000.0,1.265,0.22043345614800194,0.632,-0.01951837,-0.12414984432240304,-0.006258347631923618,0.0024113130068005584,AVER16
1,1,6000000.0,2.0,0.3519529725134203,1.0,-0.02183276,3.9399927067502984,3.979400086720376,0.0,AVER16
1,1,6000000.0,3.0,0.5406918748448477,1.58,-0.02354507,7.669296823404361,7.9525418258088285,0.010208843622117492,NORM
1,1,6000000.0,5.0,0.8845269638933694,2.52,-0.03886291,11.94452148598905,12.007410902351259,0.00337881836565046,AVER16
1,1,7000000.0,0.04,0.00706915165203718,0.02,-0.001358194,-30.002354072783923,-30.0,0.0035438794084683423,AVER16
1,1,7000000.0,0.126,0.02189929648876372,0.0616,-0.003982611,-20.181096774827584,-20.22898566999111,0.0030645798999877627,AVER16
1,1,7000000.0,0.2,0.035196472347765635,0.0992,-0.002351837,-16.05971729463456,-16.090366470196052,0.0,AVER16
1,1,7000000.0,0.4,0.06980032804025009,0.198,-0.003133774,-10.112550769769264,-10.087296108049003,0.015219297440168589,AVER16
1,1,7000000.0,0.6,0.10348660632165126,0.3,-0.006401337,-6.692017139675484,-6.478174818886375,0.016264674043204863,NORM
1,1,7000000.0,0.8,0.14149313358972584,0.4,-0.0157525,-3.974992746712034,-3.9794000867203754,0.006050497435519553,AVER16
1,1,7000000.0,1.265,0.22114503704269378,0.624,-0.02004016,-0.0961560965963685,-0.11690811963114428,0.0018798958268413518,AVER16
1,1,7000000.0,2.0,0.35271256457752737,0.992,-0.02252844,3.958718570431608,3.9096335298039486,0.0015682037795432535,AVER16
1,1,7000000.0,3.0,0.5396659628074522,1.58,-0.02307693,7.652800508751757,7.9525418258088285,0.006208357199149361,NORM
1,1,7000000.0,5.0,0.8843223606056986,2.5,-0.03976593,11.942512087495231,11.938200260161128,0.0,AVER16
1,1,8000000.0,0.04,0.006976423553953702,0.02,-0.001381606,-30.117043249477625,-30.0,0.011129478632060597,AVER16
1,1,8000000.0,0.126,0.02158027904572098,0.0616,-0.004120404,-20.30855892202634,-20.22898566999111,0.0,AVER16
1,1,8000000.0,0.2,0.034777622344792,0.0992,-0.002379932,-16.16370230131675,-16.090366470196052,0.00894589367411669,AVER16
1,1,8000000.0,0.4,0.06939295642241235,0.198,-0.004672241,-10.163392231416333,-10.087296108049003,0.005728684594002331,AVER16
1,1,8000000.0,0.6,0.10208301428965444,0.292,-0.006625427,-6.810630336579358,-6.712942884311259,0.0006573741475577322,NORM
1,1,8000000.0,0.8,0.1394780375384512,0.396,-0.01655518,-4.099583479235155,-4.066696194769378,0.0005177555828117519,AVER16
1,1,8000000.0,1.265,0.21796725471654133,0.624,-0.02105688,-0.22187495696356319,-0.11690811963114428,0.0,AVER16
1,1,8000000.0,2.0,0.34815552344918266,0.984,-0.02395984,3.8457657486510604,3.839302055347206,0.005684734403277325,AVER16
1,1,8000000.0,3.0,0.534440185639177,1.54,-0.02177261,7.568282080165838,7.729814503449637,0.013977383004665,NORM
1,1,8000000.0,5.0,0.8727900303103537,2.48,-0.04274246,11.828495491794362,11.868433703244701,0.00929889880020518,AVER16
1,1,9000000.0,0.04,0.006947321822044521,0.0198,-0.00136622,-30.153351698517827,-30.087296108049003,0.009641386500994997,AVER16
1,1,9000000.0,0.126,0.02154112350502849,0.0616,-0.004180603,-20.3243330285502,-20.22898566999111,0.0006907999881562432,AVER16
1,1,9000000.0,0.2,0.03474619990446482,0.0976,-0.002448163,-16.171553764558983,-16.231603559945786,0.0,AVER16
1,1,9000000.0,0.4,0.06900722501539386,0.196,-0.005337799,-10.211808773528297,-10.175478486150102,0.009385156051671117,AVER16
1,1,9000000.0,0.6,0.10186366832417526,0.292,-0.007157196,-6.8293138038354675,-6.712942884311259,0.012106296650645554,NORM
1,1,9000000.0,0.8,0.13940377974980125,0.396,-0.01689633,-4.104209058475099,-4.066696194769378,0.01772742476435596,AVER16
1,1,9000000.0,1.265,0.21776698382987517,0.624,-0.02179267,-0.22985932352421384,-0.11690811963114428,0.0,AVER16
1,1,9000000.0,2.0,0.34722525884662403,0.984,-0.02488293,3.8225261633821823,3.839302055347206,0.005304209935815152,AVER16
1,1,9000000.0,3.0,0.5340096738886406,1.54,-0.02332779,7.561282448461889,7.729814503449637,0.016652122541703562,NORM
1,1,9000000.0,5.0,0.8708583814288484,2.46,-0.04568558,11.809250676434777,11.79810222878796,0.005363614036124176,AVER16
1,1,10000000.0,0.04,0.006912508909504855,0.0196,-0.001363879,-30.196985961889755,-30.1754784861501,0.0,AVER16
1,1,10000000.0,0.126,0.021422270805530188,0.0608,-0.003772577,-20.372389942164414,-20.342528327824926,0.007336261912552544,AVER16
1,1,10000000.0,0.2,0.03460229683547141,0.0984,-0.002021405,-16.207601495328845,-16.160697944652792,0.0,AVER16
1,1,10000000.0,0.4,0.06865961306256455,0.194,-0.003274246,-10.25567301154126,-10.264565314675103,0.006165988089952279,AVER16
1,1,10000000.0,0.6,0.1016215657012841,0.292,-0.006916382,-6.849982405818813,-6.712942884311259,0.020141877802849706,NORM
1,1,10000000.0,0.8,0.13852892718975485,0.392,-0.01464884,-4.158890624864068,-4.154878572870478,0.0107439497371411,AVER16
1,1,10000000.0,1.265,0.21672413028622353,0.616,-0.0173512,-0.2715546672892102,-0.22898566999111458,0.009118688910591977,AVER16
1,1,10000000.0,2.0,0.3457284262156463,0.976,-0.01979932,3.7850017413588084,3.7683964400542127,0.0030964431852837926,AVER16
1,1,10000000.0,3.0,0.5316586854153141,1.54,-0.02658859,7.522958218658335,7.729814503449637,0.035045331313402706,NORM
1,1,10000000.0,5.0,0.8669811860102618,2.44,-0.0371907,11.770493419414747,11.727196613494964,0.00899571839534552,AVER16
1,1,10010000.0,0.04,0.006913125211281798,0.0196,-0.001359866,-30.19621158450134,-30.1754784861501,0.003732415391866084,AVER16
1,1,10010000.0,0.126,0.021437081504656248,0.0608,-0.003756525,-20.366386860164425,-20.342528327824926,0.009047577630070691,AVER16
1,1,10010000.0,0.2,0.03460226493432936,0.0976,-0.002072241,-16.207609503176656,-16.231603559945786,0.0,AVER16
1,1,10010000.0,0.4,0.06874083884217386,0.196,-0.003210709,-10.245403493066494,-10.175478486150102,0.008083538307353422,AVER16
1,1,10010000.0,0.6,0.10132485048125968,0.292,-0.006936463,-6.875380612299841,-6.712942884311259,0.02080478266227992,NORM
1,1,10010000.0,0.8,0.13846337746063073,0.392,-0.01462207,-4.16300162516297,-4.154878572870478,0.005686479012618761,AVER16
1,1,10010000.0,1.265,0.21695713955682952,0.616,-0.01723078,-0.2622211168473875,-0.22898566999111458,0.01767934179566344,AVER16
1,1,10010000.0,2.0,0.345240278262702,0.976,-0.02017389,3.7727291162044887,3.7683964400542127,0.00630440437049451,AVER16
1,1,10010000.0,3.0,0.5305416903025812,1.54,-0.0229097,7.504690290923511,7.729814503449637,0.014947426443988832,NORM
1,1,10010000.0,5.0,0.8665643493370583,2.44,-0.03394653,11.766316318396635,11.727196613494964,0.0002267450515969216,AVER16
1,1,11000000.0,0.04,0.006821027342184167,0.0196,-0.001339799,-30.3127042351565,-30.1754784861501,0.005281972727630091,AVER16
1,1,11000000.0,0.126,0.021116067393478738,0.0608,-0.003748492,-20.49743925508332,-20.342528327824926,0.0009204876705091181,AVER16
1,1,11000000.0,0.2,0.0341984308029982,0.0976,-0.002058862,-16.309576465649094,-16.231603559945786,0.00581873187745785,AVER16
1,1,11000000.0,0.4,0.06818187526845605,0.192,-0.00391304,-10.316321206252931,-10.354575339208631,0.012696614578514342,AVER16
1,1,11000000.0,0.6,0.10012060716331127,0.292,-0.007304352,-6.979230550470245,-6.712942884311259,0.005486469783858361,NORM
1,1,11000000.0,0.8,0.13666255241870612,0.392,-0.01483612,-4.276709489517076,-4.154878572870478,0.0018947548613299503,AVER16
1,1,11000000.0,1.265,0.21416599553617283,0.608,-0.0177525,-0.3746897165562223,-0.34252832782492526,0.006030391336986407,AVER16
1,1,11000000.0,2.0,0.34113929105484453,0.976,-0.02072241,3.6689348083230424,3.7683964400542127,0.0,AVER16
1,1,11000000.0,3.0,0.5245462401277816,1.52,-0.02645493,7.405975524950276,7.616271845615827,0.010378035242384342,NORM
1,1,11000000.0,5.0,0.8557485013901982,2.44,-0.0349498,11.657222901887774,11.727196613494964,0.00471401544592176,AVER16
1,1,12000000.0,0.04,0.006774214086317614,0.0192,-0.001312375,-30.37252169161606,-30.35457533920863,0.0013764716887685324,AVER16
1,1,12000000.0,0.126,0.02101433788002848,0.06,-0.00372843,-20.539385827318686,-20.45757490560675,0.0,AVER16
1,1,12000000.0,0.2,0.03402160989329005,0.0968,-0.002080267,-16.354602834178483,-16.30309276711175,0.0008439557824111432,AVER16
1,1,12000000.0,0.4,0.06788390362527187,0.192,-0.00182608,-10.354363878941895,-10.354575339208631,0.00886989770946478,AVER16
1,1,12000000.0,0.6,0.0994319936254321,0.284,-0.007217377,-7.039177100013056,-6.954233112338871,0.012273925245588124,NORM
1,1,12000000.0,0.8,0.1359111677359532,0.388,-0.01426086,-4.324597165247448,-4.243965401395479,0.005148639283707901,AVER16
1,1,12000000.0,1.265,0.21259350820424291,0.608,-0.01664215,-0.4387000695413118,-0.34252832782492526,0.006102020860497215,AVER16
1,1,12000000.0,2.0,0.33916606106362984,0.96,-0.01993311,3.6185477109853132,3.624824747511744,0.006532888156424388,AVER16
1,1,12000000.0,3.0,0.5217227743946411,1.52,-0.02240799,7.359095858349733,7.616271845615827,0.019863979138121657,NORM
1,1,12000000.0,5.0,0.8493538803041101,2.4,-0.03488296,11.592073460978106,11.583624920952495,0.0,AVER16
1,1,13000000.0,0.04,0.006755840673274275,0.0192,-0.001343813,-30.396112067102866,-30.35457533920863,0.006075644140874914,AVER16
1,1,13000000.0,0.126,0.020930384040804984,0.0592,-0.003856854,-20.57415610222212,-20.57416577882123,0.014275486661052383,AVER16
1,1,13000000.0,0.2,0.0339898054252473,0.096,-0.002177923,-16.362726473960414,-16.375175252488255,0.0,AVER16
1,1,13000000.0,0.4,0.06737351604105336,0.192,-0.004612045,-10.41991579145817,-10.354575339208631,0.003232833700451465,AVER16
1,1,13000000.0,0.6,0.09927298552842045,0.284,-0.007886291,-7.0530783830396535,-6.954233112338871,0.024401159538951056,NORM
1,1,13000000.0,0.8,0.1354365180148807,0.384,-0.01543143,-4.354984447066496,-4.333975425929008,2.9125469616531063e-05,AVER16
1,1,13000000.0,1.265,0.21224935671187226,0.608,-0.01847492,-0.45277239030846456,-0.34252832782492526,0.001932764170610446,AVER16
1,1,13000000.0,2.0,0.3385635357303818,0.96,-0.02196655,3.6031035870978396,3.624824747511744,0.0042512891142036935,AVER16
1,1,13000000.0,3.0,0.5211676525489877,1.52,-0.02983276,7.349849004763122,7.616271845615827,0.008138601428623993,NORM
1,1,13000000.0,5.0,0.8483487385806382,2.4,-0.0388295,11.581788325049477,11.583624920952495,0.00045505675368318066,AVER16
1,1,14000000.0,0.04,0.006724487729312918,0.0192,-0.001290636,-30.43651593472343,-30.35457533920863,0.0011298915099260398,AVER16
1,1,14000000.0,0.126,0.020843198631901486,0.0592,-0.00373244,-20.610412697462554,-20.57416577882123,0.0,AVER16
1,1,14000000.0,0.2,0.03387972174849942,0.0952,-0.002140466,-16.390903346425006,-16.447860945590136,0.00488274124597865,AVER16
1,1,14000000.0,0.4,0.06695340894267353,0.188,-0.002515045,-10.474246161791106,-10.537442928006026,0.007699518352771051,AVER16
1,1,14000000.0,0.6,0.09883940148440983,0.284,-0.007210694,-7.091097905441899,-6.954233112338871,0.01440994835944931,NORM
1,1,14000000.0,0.8,0.13479500584546744,0.38,-0.01460202,-4.396224005595868,-4.424927980943421,0.0042301143724312595,AVER16
1,1,14000000.0,1.265,0.21102507206658738,0.592,-0.01743146,-0.503018898231192,-0.5741657788212292,0.008932870402728277,AVER16
1,1,14000000.0,2.0,0.33670793847191427,0.944,-0.02077594,3.555367071684317,3.478839972681755,0.0,AVER16
1,1,14000000.0,3.0,0.5189736966039343,1.5,-0.02602005,7.313206893599292,7.501225267834001,0.012125884717665514,NORM
1,1,14000000.0,5.0,0.8446543725290054,2.38,-0.03846161,11.543880649003938,11.510939227850614,0.0019366964830815903,AVER16
1,1,15000000.0,0.04,0.00666195161926796,0.0188,-0.001337123,-30.517670555095968,-30.53744292800603,0.0,AVER16
1,1,15000000.0,0.126,0.020594467131643295,0.0584,-0.003851508,-20.714688856312936,-20.692342971031632,0.0118954352492473,AVER16
1,1,15000000.0,0.2,0.03356457131935784,0.0952,-0.002199329,-16.472077946846525,-16.447860945590136,0.0,AVER16
1,1,15000000.0,0.4,0.06636871092472897,0.188,-0.003628769,-10.550432394365581,-10.537442928006026,0.00027619092523423205,AVER16
1,1,15000000.0,0.6,0.09785717686215871,0.28,-0.007598664,-7.177846395480981,-7.07743928643524,0.027585234525790092,NORM
1,1,15000000.0,0.8,0.13328459955902033,0.376,-0.01518396,-4.494100612911153,-4.516843014726403,0.007175676983997903,AVER16
1,1,15000000.0,1.265,0.20867005331020452,0.592,-0.01836792,-0.6004975033852296,-0.5741657788212292,0.010415229907930978,AVER16
1,1,15000000.0,2.0,0.3328615363630155,0.944,-0.02172577,3.4555722244231135,3.478839972681755,0.0,AVER16
1,1,15000000.0,3.0,0.5133787437704024,1.48,-0.03066894,7.219057615209225,7.384634394619524,0.018967748432444864,NORM
1,1,15000000.0,5.0,0.8351006085749879,2.34,-0.04237457,11.445075960128523,11.363717234923232,0.0006121045483542531,AVER16
2,3,1000000.0,0.04,0.007084028071910358,0.0202,-0.001000668,-29.984094573316753,-29.913572524347146,0.01387856335733062,AVER16
2,3,1000000.0,0.126,0.02174810450843935,0.0624,-0.00208562,-20.241271817453253,-20.11690811963114,0.00516794694996392,AVER16
2,3,1000000.0,0.2,0.03508590317839596,0.09999999,-0.001844818,-16.087046831738338,-16.02060078186863,0.0,AVER16
2,3,1000000.0,0.4,0.06975885130010617,0.198,-0.003016724,-10.11771363185754,-10.087296108049003,0.00748153192024148,AVER16
2,3,1000000.0,0.6,0.1025323996239021,0.3,-0.006638794,-6.772477612701335,-6.478174818886375,0.014437887247110481,NORM
2,3,1000000.0,0.8,0.1421798434734794,0.404,-0.01571237,-3.9329394078511077,-3.892972611067524,0.005138610235693619,AVER16
2,3,1000000.0,1.265,0.22280889932590464,0.64,-0.02270233,-0.03104937877102434,0.10299956639811961,0.01343789118601698,AVER16
2,3,1000000.0,2.0,0.3528592742479403,1.0,-0.02048163,3.962330687452971,3.979400086720376,0.022186063053244443,AVER16
2,3,1000000.0,3.0,0.5412524848469568,1.6,-0.04376251,7.67829802018583,8.061799739838873,0.019803882463962807,NORM
2,3,1000000.0,5.0,0.8811893597168164,2.52,-0.05946487,11.911684845502393,12.007410902351259,0.0,AVER16
2,3,2000000.0,0.04,0.00706101025756278,0.02,-0.0009625411,-30.012363195422743,-30.0,0.0,AVER16
2,3,2000000.0,0.126,0.021638555871120048,0.0616,-0.002256854,-20.285134580225694,-20.22898566999111,0.00869825003722724,AVER16
2,3,2000000.0,0.2,0.034949888543514857,0.0992,-0.002129767,-16.120784141304814,-16.090366470196052,0.011585977875633091,AVER16
2,3,2000000.0,0.4,0.06942469444004976,0.198,-0.004107025,-10.159420504166663,-10.087296108049003,7.54976648718042e-05,AVER16
2,3,2000000.0,0.6,0.10219068426560632,0.296,-0.007083619,-6.8014738996844235,-6.594765692100854,0.016913829907881706,NORM
2,3,2000000.0,0.8,0.1418302490153296,0.404,-0.01724414,-3.9543227353841894,-3.892972611067524,0.0035563462365884035,AVER16
2,3,2000000.0,1.265,0.2224330271582968,0.632,-0.02597992,-0.04571459669968181,-0.006258347631923618,0.0,AVER16
2,3,2000000.0,2.0,0.35163539018322815,1.0,-0.02544483,3.9321515160637057,3.979400086720376,0.0024497004076415863,AVER16
2,3,2000000.0,3.0,0.5399571595955915,1.58,-0.04503341,7.657486038680837,7.9525418258088285,0.0136095482994385,NORM
2,3,2000000.0,5.0,0.8754447906505091,2.48,-0.06334442,11.854875212387924,11.868433703244701,0.0005495317493782181,AVER16
2,3,3000000.0,0.04,0.007027831686690576,0.02,-0.0009779267,-30.053273007432413,-30.0,0.0,AVER16
2,3,3000000.0,0.126,0.02157374572589505,0.0616,-0.002246155,-20.31118892910967,-20.22898566999111,0.0017265320620900582,AVER16
2,3,3000000.0,0.2,0.03486439055218707,0.0992,-0.002048163,-16.14205848511596,-16.090366470196052,0.0031849294969781283,AVER16
2,3,3000000.0,0.4,0.0691932691968798,0.196,-0.004107025,-10.188423036544279,-10.175478486150102,0.004437914404542553,AVER16
2,3,3000000.0,0.6,0.10196542038260639,0.3,-0.007023407,-6.820641761694651,-6.478174818886375,0.005337242290591071,NORM
2,3,3000000.0,0.8,0.14106410299296415,0.4,-0.01660202,-4.00136981157658,-3.9794000867203754,0.01558080502730963,AVER16
2,3,3000000.0,1.265,0.2217038144096197,0.632,-0.02587293,-0.0742367392302098,-0.006258347631923618,0.0,AVER16
2,3,3000000.0,2.0,0.3503054708232208,1.0,-0.02520404,3.8992383541374354,3.979400086720376,0.012624477912723808,AVER16
2,3,3000000.0,3.0,0.5387473558948528,1.58,-0.04593643,7.63800299085203,7.9525418258088285,0.015031431312888976,NORM
2,3,3000000.0,5.0,0.8752334048431526,2.5,-0.06391311,11.85277765521562,11.938200260161128,0.007463652964622369,AVER16
2,3,4000000.0,0.04,0.007007633668712759,0.02,-0.0009906356,-30.078272232143064,-30.0,0.0,AVER16
2,3,4000000.0,0.126,0.021461750500211558,0.0608,-0.002173913,-20.356397208396295,-20.342528327824926,0.00420843452793207,AVER16
2,3,4000000.0,0.2,0.03477722574588289,0.0984,-0.00209632,-16.163801354494197,-16.160697944652792,0.007245015884883799,AVER16
2,3,4000000.0,0.4,0.06904893284688936,0.196,-0.003665558,-10.206560624687365,-10.175478486150102,0.00427330650822455,AVER16
2,3,4000000.0,0.6,0.1019015183265743,0.3,-0.007140473,-6.826086943027459,-6.478174818886375,0.027218977778018072,NORM
2,3,4000000.0,0.8,0.1407789221660416,0.4,-0.01682276,-4.018947326815781,-3.9794000867203754,0.012539508297214397,AVER16
2,3,4000000.0,1.265,0.22159444899301314,0.632,-0.02501673,-0.07852250363111954,-0.006258347631923618,0.016946958634888792,AVER16
2,3,4000000.0,2.0,0.3493642861252562,0.984,-0.02525751,3.8758700971409485,3.839302055347206,0.0,AVER16
2,3,4000000.0,3.0,0.5379594441869479,1.58,-0.04545151,7.6252906807589085,7.9525418258088285,0.01873995134956008,NORM
2,3,4000000.0,5.0,0.8755232581469654,2.48,-0.06418061,11.855653707478474,11.868433703244701,0.009404907892362147,AVER16
2,3,5000000.0,0.04,0.006993717780576437,0.0198,-0.001048495,-30.09553798092536,-30.087296108049003,0.006852844946159564,AVER16
2,3,5000000.0,0.126,0.021444818681598966,0.0608,-0.002294312,-20.36325247174078,-20.342528327824926,0.013501045485817542,AVER16
2,3,5000000.0,0.2,0.03479123473380506,0.0984,-0.002167224,-16.160303202491445,-16.160697944652792,0.007981967300093373,AVER16
2,3,5000000.0,0.4,0.0692506290377764,0.196,-0.004127091,-10.181225590032792,-10.175478486150102,0.006376635357801419,AVER16
2,3,5000000.0,0.6,0.10209754217917091,0.296,-0.007157196,-6.809394296797614,-6.594765692100854,0.003194045726794492,NORM
2,3,5000000.0,0.8,0.14079141469993686,0.4,-0.01739798,-4.018176586744272,-3.9794000867203754,0.011566799405864359,AVER16
2,3,5000000.0,1.265,0.22143240388566235,0.632,-0.02615387,-0.08487654728540417,-0.006258347631923618,0.01025659980759995,AVER16
2,3,5000000.0,2.0,0.35022247104109056,0.992,-0.02643475,3.8971801151783385,3.9096335298039486,0.010393461968443152,AVER16
2,3,5000000.0,3.0,0.5397288634239936,1.58,-0.04742477,7.65381283121391,7.9525418258088285,0.008336303195211947,NORM
2,3,5000000.0,5.0,0.8844934383047982,2.52,-0.06799331,11.944192264729587,12.007410902351259,0.00026761277609210765,AVER16
2,3,6000000.0,0.04,0.0069526693749168535,0.0198,-0.0009802673,-30.146668491929248,-30.087296108049003,0.006579211166943821,AVER16
2,3,6000000.0,0.126,0.021391001588337535,0.0608,-0.002238129,-20.385077644024662,-20.342528327824926,0.009964538461815664,AVER16
2,3,6000000.0,0.2,0.03458122600902062,0.0976,-0.002214044,-16.21289231809324,-16.231603559945786,0.012440926207059277,AVER16
2,3,6000000.0,0.4,0.06900730183188279,0.198,-0.004270905,-10.211799104697622,-10.087296108049003,0.0,AVER16
2,3,6000000.0,0.6,0.10185149886040135,0.3,-0.007314392,-6.830351552971981,-6.478174818886375,0.02134898272769714,NORM
2,3,6000000.0,0.8,0.13993710804471238,0.4,-0.01705685,-4.071042153510061,-3.9794000867203754,0.007967034134026996,AVER16
2,3,6000000.0,1.265,0.21978589625773967,0.632,-0.02568561,-0.1497036404789146,-0.006258347631923618,0.005125046095317998,AVER16
2,3,6000000.0,2.0,0.3485248370260484,0.992,-0.02597992,3.8549746124369837,3.9096335298039486,0.003017749246812862,AVER16
2,3,6000000.0,3.0,0.5373488456249772,1.56,-0.04471573,7.61542636120941,7.841892053809608,0.009101938019878908,NORM
2,3,6000000.0,5.0,0.8821952181790309,2.5,-0.06963211,11.921593944914274,11.938200260161128,0.005429545118566637,AVER16
2,3,7000000.0,0.04,0.006960763217096168,0.0198,-0.001039465,-30.136562829306772,-30.087296108049003,0.002869073185056692,AVER16
2,3,7000000.0,0.126,0.021394529844672234,0.0608,-0.002276923,-20.383645101565513,-20.342528327824926,0.006300360181207054,AVER16
2,3,7000000.0,0.2,0.03472932092352,0.0984,-0.002189966,-16.175774214203035,-16.160697944652792,0.00993003278372484,AVER16
2,3,7000000.0,0.4,0.06911419468871859,0.196,-0.004304352,-10.198355002710283,-10.175478486150102,5.405513940814899e-05,AVER16
2,3,7000000.0,0.6,0.10189110250887974,0.292,-0.007391297,-6.826974812693132,-6.712942884311259,0.014314089046361111,NORM
2,3,7000000.0,0.8,0.14039941272269765,0.396,-0.01731104,-4.042394219653287,-4.066696194769378,0.006559493366439462,AVER16
2,3,7000000.0,1.265,0.2207432379839752,0.632,-0.02635449,-0.11195186869428365,-0.006258347631923618,0.0,AVER16
2,3,7000000.0,2.0,0.35011381163958255,0.984,-0.02627423,3.8944848283552798,3.839302055347206,0.0,AVER16
2,3,7000000.0,3.0,0.5393253921748727,1.56,-0.04556854,7.647317315558171,7.841892053809608,0.011511887330643233,NORM
2,3,7000000.0,5.0,0.8816349759742133,2.48,-0.06809372,11.916076177794277,11.868433703244701,0.0008700702783492886,AVER16
2,3,8000000.0,0.04,0.006822905656459864,0.0194,-0.001071237,-30.31031272083156,-30.264565314675103,0.0005190790242401988,AVER16
2,3,8000000.0,0.126,0.020873805025494487,0.0592,-0.002386621,-20.597667592044647,-20.57416577882123,0.017072885456155262,AVER16
2,3,8000000.0,0.2,0.03417470353660093,0.0968,-0.002302344,-16.315604927781283,-16.30309276711175,0.011832028274358919,AVER16
2,3,8000000.0,0.4,0.06737755092958092,0.192,-0.004588623,-10.419395623458755,-10.354575339208631,0.004869595222002587,AVER16
2,3,8000000.0,0.6,0.0983365360316043,0.284,-0.007591981,-7.13540192499644,-6.954233112338871,0.011763508563433334,NORM
2,3,8000000.0,0.8,0.13775975472010832,0.392,-0.01765216,-4.207252826296111,-4.154878572870478,0.003157099840728428,AVER16
2,3,8000000.0,1.265,0.21554937689615342,0.616,-0.0270368,-0.31876460844197235,-0.22898566999111458,0.002659810086619141,AVER16
2,3,8000000.0,2.0,0.33955276278722635,0.968,-0.02695654,3.6284453261373395,3.696907232888249,0.0019490261724208757,AVER16
2,3,8000000.0,3.0,0.518309981098886,1.5,-0.04742477,7.302091399277715,7.501225267834001,0.012380646710361098,NORM
2,3,8000000.0,5.0,0.8305001032214961,2.36,-0.07050171,11.397093771943126,11.437640146122508,0.0,AVER16
2,3,9000000.0,0.04,0.006830678470771114,0.0194,-0.001069565,-30.300423183557093,-30.264565314675103,0.007356940564477554,AVER16
2,3,9000000.0,0.126,0.020891152761999012,0.0592,-0.002417389,-20.590451948050426,-20.57416577882123,0.005393267137456803,AVER16
2,3,9000000.0,0.2,0.03418617215157723,0.0968,-0.002282275,-16.312690537820146,-16.30309276711175,0.0,AVER16
2,3,9000000.0,0.4,0.06759935889329499,0.192,-0.00465886,-10.390848500392734,-10.354575339208631,0.014414837348219578,AVER16
2,3,9000000.0,0.6,0.09901856503428726,0.284,-0.007682282,-7.0753674774574264,-6.954233112338871,0.009013890725975138,NORM
2,3,9000000.0,0.8,0.1377587704064881,0.388,-0.01803345,-4.207314888471208,-4.243965401395479,0.004005116597278757,AVER16
2,3,9000000.0,1.265,0.21599824638762324,0.616,-0.02729096,-0.3006955376813961,-0.22898566999111458,0.0,AVER16
2,3,9000000.0,2.0,0.34083998026892387,0.968,-0.02749164,3.661310586502145,3.696907232888249,0.001769819258243377,AVER16
2,3,9000000.0,3.0,0.52335549333416,1.52,-0.04752502,7.386235697526474,7.616271845615827,0.023024171626189194,NORM
2,3,9000000.0,5.0,0.8440212570375686,2.38,-0.07224075,11.537367649765782,11.510939227850614,0.006447567889988903,AVER16
2,3,10000000.0,0.04,0.006803951830545602,0.0192,-0.0009157196,-30.334475437207683,-30.35457533920863,0.0,AVER16
2,3,10000000.0,0.126,0.02084815904739013,0.0592,-0.001925085,-20.608345812424744,-20.57416577882123,0.0036463251662510743,AVER16
2,3,10000000.0,0.2,0.03412628345462775,0.0968,-0.00186488,-16.327920168812714,-16.30309276711175,0.0035437374767575136,AVER16
2,3,10000000.0,0.4,0.067539968890811,0.192,-0.003341141,-10.3984829181281,-10.354575339208631,0.0,AVER16
2,3,10000000.0,0.6,0.09908859770103673,0.288,-0.00778595,-7.069226396727325,-6.832750158095008,0.019344507625548957,NORM
2,3,10000000.0,0.8,0.13711224028341706,0.388,-0.01555185,-4.248175506248571,-4.243965401395479,0.0001769696395239606,AVER16
2,3,10000000.0,1.265,0.21532409194135038,0.616,-0.02276923,-0.32784755540610616,-0.22898566999111458,0.007551730048603711,AVER16
2,3,10000000.0,2.0,0.3404060751566974,0.96,-0.02266223,3.650246001546909,3.624824747511744,0.00449136687180518,AVER16
2,3,10000000.0,3.0,0.5225234170600712,1.5,-0.04903015,7.372415122046494,7.501225267834001,0.022168397854701816,NORM
2,3,10000000.0,5.0,0.8462083158349155,2.4,-0.05745819,11.559845734698735,11.583624920952495,0.0,AVER16
2,3,10010000.0,0.04,0.006809567095264822,0.0194,-0.0009137131,-30.327309975776068,-30.264565314675103,0.005560296619453453,AVER16
2,3,10010000.0,0.126,0.020864820566839293,0.0592,-0.00190769,-20.601406958946868,-20.57416577882123,0.003380043874003036,AVER16
2,3,10010000.0,0.2,0.03407711991593437,0.0968,-0.001876923,-16.340442392753637,-16.30309276711175,0.0,AVER16
2,3,10010000.0,0.4,0.06747900370544675,0.192,-0.003304352,-10.406326806992652,-10.354575339208631,0.000872083894666531,AVER16
2,3,10010000.0,0.6,0.09885095539580727,0.284,-0.007598664,-7.090082620721044,-6.954233112338871,0.013092195810894935,NORM
2,3,10010000.0,0.8,0.13690969383885535,0.388,-0.01555853,-4.26101605779116,-4.243965401395479,0.013193680828431198,AVER16
2,3,10010000.0,1.265,0.21543387563665076,0.616,-0.02280939,-0.32342015462025053,-0.22898566999111458,0.012673629718429724,AVER16
2,3,10010000.0,2.0,0.34013828646339067,0.96,-0.02287628,3.6434103467752044,3.624824747511744,0.0,AVER16
2,3,10010000.0,3.0,0.5218045017875061,1.5,-0.04729095,7.360456388414419,7.501225267834001,0.014361935429410444,NORM
2,3,10010000.0,5.0,0.8457698678306015,2.4,-0.05732437,11.555344126936284,11.583624920952495,0.0047630025472908954,AVER16
2,3,11000000.0,0.04,0.006716322231890575,0.0192,-0.0009167221,-30.447069557366795,-30.35457533920863,0.007283812579295557,AVER16
2,3,11000000.0,0.126,0.02058500811981086,0.0592,-0.001943811,-20.718679190517292,-20.57416577882123,0.0,AVER16
2,3,11000000.0,0.2,0.033696411170086586,0.0952,-0.001851508,-16.43802706571064,-16.447860945590136,0.0002998007958190385,AVER16
2,3,11000000.0,0.4,0.06670558009809663,0.19,-0.003274246,-10.50645673700916,-10.445527894223046,0.014506067348424523,AVER16
2,3,11000000.0,0.6,0.09778548993676563,0.28,-0.007933106,-7.184211722232156,-7.07743928643524,0.010509901321316129,NORM
2,3,11000000.0,0.8,0.13528309228896973,0.388,-0.01581271,-4.364829607999479,-4.243965401395479,0.0013622952555767398,AVER16
2,3,11000000.0,1.265,0.2123780091356956,0.616,-0.02298328,-0.4475091365520275,-0.22898566999111458,0.0,AVER16
2,3,11000000.0,2.0,0.33528175150930895,0.96,-0.0232107,3.5184982882952154,3.624824747511744,0.007914006577387056,AVER16
2,3,11000000.0,3.0,0.5157385383112745,1.5,-0.04946487,7.258891657901184,7.501225267834001,0.020625231806121747,NORM
2,3,11000000.0,5.0,0.8349710038590802,2.36,-0.0611705,11.44372783558964,11.437640146122508,0.005238012065394315,AVER16
2,3,12000000.0,0.04,0.0066741861307137995,0.0192,-0.0008779266,-30.501733760200985,-30.35457533920863,0.0,AVER16
2,3,12000000.0,0.126,0.02044147684196071,0.0584,-0.001926422,-20.779454659170803,-20.692342971031632,0.003804208994743874,AVER16
2,3,12000000.0,0.2,0.03350352481858952,0.0952,-0.001915716,-16.487890034722334,-16.447860945590136,0.010308548187772715,AVER16
2,3,12000000.0,0.4,0.0662894659432668,0.188,-0.003267563,-10.560809640027697,-10.537442928006026,0.004175048894856204,AVER16
2,3,12000000.0,0.6,0.09719311338497152,0.276,-0.007953187,-7.2369901614726695,-7.20241827197527,0.017593056922564188,NORM
2,3,12000000.0,0.8,0.13424342365139194,0.384,-0.01547827,-4.431839651923463,-4.333975425929008,0.0,AVER16
2,3,12000000.0,1.265,0.21130605345037892,0.6,-0.02259534,-0.49146126725112366,-0.45757490560675174,0.007422541265704852,AVER16
2,3,12000000.0,2.0,0.333439954669862,0.952,-0.02290302,3.4706527214880984,3.5521390544098623,0.004759483832972311,AVER16
2,3,12000000.0,3.0,0.5128781999605907,1.48,-0.04936462,7.210584749495915,7.384634394619524,0.023590918498442193,NORM
2,3,12000000.0,5.0,0.82831653494907,2.36,-0.06076919,11.374226574267796,11.437640146122508,0.00035509778621012345,AVER16
2,3,13000000.0,0.04,0.006648928443949446,0.0188,-0.000920401,-30.53466686174289,-30.53744292800603,0.008512238203316258,AVER16
2,3,13000000.0,0.126,0.020367918682358665,0.0576,-0.002014715,-20.810766994970443,-20.812150244815385,0.0045736754239378286,AVER16
2,3,13000000.0,0.2,0.033493751144286966,0.0952,-0.002008026,-16.490424258860035,-16.447860945590136,0.003065025970389712,AVER16
2,3,13000000.0,0.4,0.06622584816197648,0.188,-0.003638794,-10.569149462085086,-10.537442928006026,0.0,AVER16
2,3,13000000.0,0.6,0.096965060713736,0.276,-0.008140473,-7.257394568901284,-7.20241827197527,0.010998432426095661,NORM
2,3,13000000.0,0.8,0.13404507559919387,0.38,-0.01592642,-4.44468276379756,-4.424927980943421,0.003714011396017902,AVER16
2,3,13000000.0,1.265,0.21047295838923605,0.6,-0.02358527,-0.5257739332035484,-0.45757490560675174,0.006445441061546875,AVER16
2,3,13000000.0,2.0,0.33270665607093525,0.944,-0.02422742,3.4515297441372574,3.478839972681755,0.0,AVER16
2,3,13000000.0,3.0,0.5111451307740079,1.48,-0.0530101,7.181184516883748,7.384634394619524,0.006388438022668197,NORM
2,3,13000000.0,5.0,0.8260924688912071,2.34,-0.0640802,11.350873214948807,11.363717234923232,0.001131924524804262,AVER16
2,3,14000000.0,0.04,0.006621460380002568,0.0188,-0.0009224075,-30.570624348129986,-30.53744292800603,0.002109704890752795,AVER16
2,3,14000000.0,0.126,0.02024392435164089,0.0576,-0.001963879,-20.863805928367047,-20.812150244815385,0.013631679186605794,AVER16
2,3,14000000.0,0.2,0.033395191557722435,0.0936,-0.001930432,-16.51602126418404,-16.59508293851752,0.004548728724209639,AVER16
2,3,14000000.0,0.4,0.06590185317511121,0.188,-0.003498322,-10.611747498852136,-10.537442928006026,0.009828265689176163,AVER16
2,3,14000000.0,0.6,0.09640913084954224,0.272,-0.008260865,-7.30733669107507,-7.32922183259565,0.012798284955859884,NORM
2,3,14000000.0,0.8,0.13345521884638906,0.38,-0.01574582,-4.482988807323326,-4.424927980943421,0.0035656412183522335,AVER16
2,3,14000000.0,1.265,0.2097213973572108,0.6,-0.02305017,-0.556845188932716,-0.45757490560675174,0.0,AVER16
2,3,14000000.0,2.0,0.33112199163637424,0.936,-0.02355853,3.410060468640175,3.4049170614824806,0.002215748881182922,AVER16
2,3,14000000.0,3.0,0.5101679841010973,1.46,-0.05016724,7.164563970986081,7.266457202409117,0.013161799128937446,NORM
2,3,14000000.0,5.0,0.8231684611138537,2.32,-0.0612709,11.320074406824233,11.28915978453837,0.015116676211167857,AVER16
2,3,15000000.0,0.04,0.006549388474478285,0.0186,-0.000924414,-30.66568501927453,-30.6303410289213,0.006673549074289298,AVER16
2,3,15000000.0,0.126,0.02005063769197818,0.0576,-0.002020068,-20.947136253160636,-20.812150244815385,0.016210299648044213,AVER16
2,3,15000000.0,0.2,0.033119721323387905,0.0936,-0.001978595,-16.58796656577969,-16.59508293851752,0.017957656445442893,AVER16
2,3,15000000.0,0.4,0.06525966881824391,0.184,-0.003585282,-10.696802733628656,-10.724243453088896,0.0,AVER16
2,3,15000000.0,0.6,0.09549307672350218,0.268,-0.008300995,-7.3902623184437655,-7.457904032703847,0.04339574077596886,NORM
2,3,15000000.0,0.8,0.13190969868665306,0.372,-0.01597992,-4.584165477202541,-4.609741115641674,0.0,AVER16
2,3,15000000.0,1.265,0.20711999287413949,0.592,-0.02377258,-0.6652595936575905,-0.5741657788212292,0.004814581744621238,AVER16
2,3,15000000.0,2.0,0.32709344985777006,0.928,-0.02432105,3.3037369033944826,3.330359611097618,0.0011455634277091065,AVER16
2,3,15000000.0,3.0,0.504580258875434,1.46,-0.05260864,7.0689050614371265,7.266457202409117,0.02952129315421459,NORM
2,3,15000000.0,5.0,0.8130495808342626,2.32,-0.0640802,11.212640561661873,11.28915978453837,0.001938368324285733,AVER16
